"ID","FILE_PATH","FILE_NAME"
"1","/usr/local/tomcat/webapps/TsuboneSystem/images/top/slideshowimage/XORaLhXESfimage.jpg","XORaLhXESfimage.jpg"
"2","/usr/local/tomcat/webapps/TsuboneSystem/images/top/slideshowimage/BfoknAvpyWimage.jpg","BfoknAvpyWimage.jpg"
"3","/usr/local/tomcat/webapps/TsuboneSystem/images/top/slideshowimage/QPJhFfvRBvimage.jpg","QPJhFfvRBvimage.jpg"
"4","/usr/local/tomcat/webapps/TsuboneSystem/images/top/slideshowimage/mzFRmzYeOVimage.jpg","mzFRmzYeOVimage.jpg"
"5","/usr/local/tomcat/webapps/TsuboneSystem/images/top/slideshowimage/FCvfXiDuWYimage.jpg","FCvfXiDuWYimage.jpg"
"6","/usr/local/tomcat/webapps/TsuboneSystem/images/top/slideshowimage/oBKRueJSzCimage.jpg","oBKRueJSzCimage.jpg"
"7","/usr/local/tomcat/webapps/TsuboneSystem/images/top/slideshowimage/vhPByiSlzWimage.jpg","vhPByiSlzWimage.jpg"
"8","/usr/local/tomcat/webapps/TsuboneSystem/images/top/slideshowimage/GAPhaTNLbCimage.jpg","GAPhaTNLbCimage.jpg"
"9","/usr/local/tomcat/webapps/TsuboneSystem/images/top/slideshowimage/VwvWsCATBPimage.jpg","VwvWsCATBPimage.jpg"
"10","/usr/local/tomcat/webapps/TsuboneSystem/images/top/slideshowimage/krpMEyDKCtimage.jpg","krpMEyDKCtimage.jpg"
"11","/usr/local/tomcat/webapps/TsuboneSystem/images/top/slideshowimage/PyKTNswGuztopimage1_mini.jpg","PyKTNswGuztopimage1_mini.jpg"
"12","/usr/local/tomcat/webapps/TsuboneSystem/images/top/slideshowimage/fgWPKCzXbGtopimage2_mini.jpg","fgWPKCzXbGtopimage2_mini.jpg"
"13","/usr/local/tomcat/webapps/TsuboneSystem/images/top/slideshowimage/NAsFJoyEwhIMG_1767_mini.jpg","NAsFJoyEwhIMG_1767_mini.jpg"
"14","/usr/local/tomcat/webapps/TsuboneSystem/images/top/slideshowimage/VPiJBtJrhoIMG_1766_mini.JPG","VPiJBtJrhoIMG_1766_mini.JPG"
"15","/usr/local/tomcat/webapps/TsuboneSystem/images/top/slideshowimage/qDIADbTrWgIMG_1766_mini.JPG","qDIADbTrWgIMG_1766_mini.JPG"
